
name,email,phone,company,region,site,role,notes
Jordan Reyes,jordan.reyes@acmebuild.com,+12125550011,Acme Build Co,Northeast,Hudson Yards — Tower B,Site Manager,Night shift lead
Priya Shah,priya.shah@acmebuild.com,+12125550012,Acme Build Co,Northeast,Hudson Yards — Tower B,Site Advisor,QA/QC
Marcus Lee,marcus.lee@keystoneconstr.com,+12125550013,Keystone Construction,Midwest,Chicago Riverfront — Phase 2,Site Manager,Steel
Ana Gomez,ana.gomez@keystoneconstr.com,+12125550014,Keystone Construction,Midwest,Chicago Riverfront — Phase 2,Foreman,Electrical
Samir Patel,samir.patel@northstarinc.com,+12125550015,NorthStar Inc,South,Miami Port Expansion,Site Advisor,Permitting
Maya Chen,maya.chen@northstarinc.com,+12125550016,NorthStar Inc,South,Miami Port Expansion,Estimator,Bids
Lucas Brown,lucas.brown@acmebuild.com,+12125550017,Acme Build Co,Northeast,Brooklyn Navy Yard — Bldg 77,Site Manager,Logistics
Olivia Park,olivia.park@acmebuild.com,+12125550018,Acme Build Co,Northeast,Brooklyn Navy Yard — Bldg 77,Site Advisor,Safety
